series_name,series_code,underlying,asset_class,sub_asset_class,product_type,structure_type,market_segment,market_development,region,currency,term,tenor,source_default,bbg_field,bbg_data_type,mds_field,mds_data_type,bbg_ticker,mds_ticker,hawk_field,hawk_ticker,valid_from,valid_to,calculation_formula,des_notes,is_synthetic
EUR 2Y Interest Rate Swap,EUR2YSW_PX_LAST,EUR2ysw,Fixed Income,Interest Rate Swap,Swap,Simple,Local,G10,Europe,EUR,Medium-term,2Y,BBG,PX_LAST,Rate,,,EUSA2 Curncy,,,,,,,Source sheet row 7.,False
JPY 2Y Interest Rate Swap,JPY2YSW_PX_LAST,JPY2ysw,Fixed Income,Interest Rate Swap,Swap,Simple,Local,G10,Asia Pacific,JPY,Medium-term,2Y,BBG,PX_LAST,Rate,,,JYSO2 Curncy,,,,,,,Source sheet row 8.,False
CHF 2Y Interest Rate Swap,CHF2YSW_PX_LAST,CHF2ysw,Fixed Income,Interest Rate Swap,Swap,Simple,Local,G10,Europe,CHF,Medium-term,2Y,BBG,PX_LAST,Rate,,,SFSW2 Curncy,,,,,,,Source sheet row 113. Duplicate underlying in source sheet: row 9 gives SFSNT2 Curncy for the same underlying. Row 113's SFSW2 kept because it matches the existing datalake entry SFSW2_PX_LAST; row 9 dropped. VERIFY which ticker is authoritative.,False
GBP 2Y Interest Rate Swap,GBP2YSW_PX_LAST,GBP2ysw,Fixed Income,Interest Rate Swap,Swap,Simple,Local,G10,Europe,GBP,Medium-term,2Y,BBG,PX_LAST,Rate,,,BPSWS2 Curncy,,,,,,,Source sheet row 10.,False
NOK 2Y Interest Rate Swap,NOK2YSW_PX_LAST,NOK2ysw,Fixed Income,Interest Rate Swap,Swap,Simple,Local,G10,Europe,NOK,Medium-term,2Y,BBG,PX_LAST,Rate,,,NKSW2 Curncy,,,,,,,Source sheet row 11.,False
SEK 2Y Interest Rate Swap,SEK2YSW_PX_LAST,SEK2ysw,Fixed Income,Interest Rate Swap,Swap,Simple,Local,G10,Europe,SEK,Medium-term,2Y,BBG,PX_LAST,Rate,,,SKSW2 Curncy,,,,,,,Source sheet row 12.,False
AUD 2Y Interest Rate Swap,AUD2YSW_PX_LAST,AUD2ysw,Fixed Income,Interest Rate Swap,Swap,Simple,Local,G10,Asia Pacific,AUD,Medium-term,2Y,BBG,PX_LAST,Rate,,,ADSWAP2 Curncy,,,,,,,Source sheet row 13.,False
NZD 2Y Interest Rate Swap,NZD2YSW_PX_LAST,NZD2ysw,Fixed Income,Interest Rate Swap,Swap,Simple,Local,G10,Asia Pacific,NZD,Medium-term,2Y,BBG,PX_LAST,Rate,,,NDSWAP2 Curncy,,,,,,,Source sheet row 14.,False
USD 2Y Interest Rate Swap,USD2YSW_PX_LAST,USD2ysw,Fixed Income,Interest Rate Swap,Swap,Simple,Local,G10,North America,USD,Medium-term,2Y,BBG,PX_LAST,Rate,,,USOSFR2 BGN Curncy,,,,,,,Source sheet row 124. Source sheet region 'DM EM' -- also serves as the quote leg for USD-quoted EM pairs.,False
KRW 2Y Interest Rate Swap,KRW2YSW_PX_LAST,KRW2ysw,Fixed Income,Interest Rate Swap,Swap,Simple,Local,EM,Asia Pacific,KRW,Medium-term,2Y,BBG,PX_LAST,Rate,,,KWSWO2 Curncy,,,,,,,Source sheet row 38.,False
THB 2Y Interest Rate Swap,THB2YSW_PX_LAST,THB2ysw,Fixed Income,Interest Rate Swap,Swap,Simple,Local,EM,Asia Pacific,THB,Medium-term,2Y,BBG,PX_LAST,Rate,,,TBSWH2 BGN Curncy,,,,,,,Source sheet row 39. Duplicated at source sheet row 123 with the identical ticker; kept once.,False
MYR 2Y Interest Rate Swap,MYR2YSW_PX_LAST,MYR2ysw,Fixed Income,Interest Rate Swap,Swap,Simple,Local,EM,Asia Pacific,MYR,Medium-term,2Y,BBG,PX_LAST,Rate,,,MRSWNI2 Curncy,,,,,,,Source sheet row 40.,False
IDR 2Y Interest Rate Swap,IDR2YSW_PX_LAST,IDR2ysw,Fixed Income,Interest Rate Swap,Swap,Simple,Local,EM,Asia Pacific,IDR,Medium-term,2Y,BBG,PX_LAST,Rate,,,BV020132 BVLI Index,,,,,,,Source sheet row 41.,False
CLP 2Y Interest Rate Swap,CLP2YSW_PX_LAST,CLP2ysw,Fixed Income,Interest Rate Swap,Swap,Simple,Local,EM,Latin America,CLP,Medium-term,2Y,BBG,PX_LAST,Rate,,,CHSWP2 CMPN Curncy,,,,,,,Source sheet row 44.,False
PEN 2Y Interest Rate Swap,PEN2YSW_PX_LAST,PEN2ysw,Fixed Income,Interest Rate Swap,Swap,Simple,Local,EM,Latin America,PEN,Medium-term,2Y,BBG,PX_LAST,Rate,,,PENSSS2 BGN Curncy,,,,,,,Source sheet row 45.,False
PLN 2Y Interest Rate Swap,PLN2YSW_PX_LAST,PLN2ysw,Fixed Income,Interest Rate Swap,Swap,Simple,Local,EM,Europe,PLN,Medium-term,2Y,BBG,PX_LAST,Rate,,,PZSW2 Curncy,,,,,,,Source sheet row 46.,False
CZK 2Y Interest Rate Swap,CZK2YSW_PX_LAST,CZK2ysw,Fixed Income,Interest Rate Swap,Swap,Simple,Local,EM,Europe,CZK,Medium-term,2Y,BBG,PX_LAST,Rate,,,CKSW2 Curncy,,,,,,,Source sheet row 47.,False
HUF 2Y Interest Rate Swap,HUF2YSW_PX_LAST,HUF2ysw,Fixed Income,Interest Rate Swap,Swap,Simple,Local,EM,Europe,HUF,Medium-term,2Y,BBG,PX_LAST,Rate,,,HFSW2 Curncy,,,,,,,Source sheet row 48.,False
ZAR 2Y Interest Rate Swap,ZAR2YSW_PX_LAST,ZAR2ysw,Fixed Income,Interest Rate Swap,Swap,Simple,Local,EM,Africa,ZAR,Medium-term,2Y,BBG,PX_LAST,Rate,,,SASW2 Curncy,,,,,,,Source sheet row 49.,False
TRY 2Y Interest Rate Swap,TRY2YSW_PX_LAST,TRY2ysw,Fixed Income,Interest Rate Swap,Swap,Simple,Local,EM,Europe,TRY,Medium-term,2Y,BBG,PX_LAST,Rate,,,TYSW2V3 Curncy,,,,,,,Source sheet row 50.,False
RUB 2Y Interest Rate Swap,RUB2YSW_PX_LAST,RUB2ysw,Fixed Income,Interest Rate Swap,Swap,Simple,Local,EM,Europe,RUB,Medium-term,2Y,BBG,PX_LAST,Rate,,,RRSWM2 Curncy,,,,,,,Source sheet row 51.,False
RON 2Y Interest Rate Swap,RON2YSW_PX_LAST,RON2ysw,Fixed Income,Interest Rate Swap,Swap,Simple,Local,EM,Europe,RON,Medium-term,2Y,BBG,PX_LAST,Rate,,,EURNSW2 CMPN Curncy,,,,,,,Source sheet row 52.,False
BRL 2Y Interest Rate Swap,BRL2YSW_PX_LAST,BRL2ysw,Fixed Income,Interest Rate Swap,Swap,Simple,Local,EM,Latin America,BRL,Medium-term,2Y,BBG,PX_LAST,Rate,,,S0388Z 2Y BLC2 Curncy,,,,,,,Source sheet row 115.,False
SGD 2Y Interest Rate Swap,SGD2YSW_PX_LAST,SGD2ysw,Fixed Income,Interest Rate Swap,Swap,Simple,Local,EM,Asia Pacific,SGD,Medium-term,2Y,BBG,PX_LAST,Rate,,,SDSOA2 BGN Curncy,,,,,,,Source sheet row 125.,False
COP 2Y Interest Rate Swap,COP2YSW_PX_LAST,COP2ysw,Fixed Income,Interest Rate Swap,Swap,Simple,Local,EM,Latin America,COP,Medium-term,2Y,BBG,PX_LAST,Rate,,,CLSWIB2 BGN Curncy,,,,,,,Source sheet row 126.,False
PHP 2Y Interest Rate Swap,PHP2YSW_PX_LAST,PHP2ysw,Fixed Income,Interest Rate Swap,Swap,Simple,Local,EM,Asia Pacific,PHP,Medium-term,2Y,BBG,PX_LAST,Rate,,,PPUSNI2 CMPN Curncy,,,,,,,Source sheet row 127.,False
MXN 2Y Interest Rate Swap,MXN2YSW_PX_LAST,MXN2ysw,Fixed Income,Interest Rate Swap,Swap,Simple,Local,EM,Latin America,MXN,Medium-term,2Y,BBG,PX_LAST,Rate,,,MPSWF2B Curncy,,,,,,,Source sheet row 138.,False
ILS 2Y Interest Rate Swap,ILS2YSW_PX_LAST,ILS2ysw,Fixed Income,Interest Rate Swap,Swap,Simple,Local,EM,Middle East,ILS,Medium-term,2Y,BBG,PX_LAST,Rate,,,ISOIS2 Curncy,,,,,,,Source sheet row 139.,False
CNH 2Y Interest Rate Swap,CNH2YSW_PX_LAST,CNH2ysw,Fixed Income,Interest Rate Swap,Swap,Simple,Local,CHN,Asia Pacific,CNH,Medium-term,2Y,BBG,PX_LAST,Rate,,,CCSWNI2 BGN Curncy,,,,,,,Source sheet row 122.,False
EUR 3M Money Market Rate,EUR3M_PX_LAST,EUR3m,Fixed Income,Money Market Rate,Money Market,Simple,Local,G10,Europe,EUR,Short-term,3M,BBG,PX_LAST,Rate,,,EUR003m index,,,,,,,Source sheet row 2.,False
CHF 3M Money Market Rate,CHF3M_PX_LAST,CHF3m,Fixed Income,Money Market Rate,Money Market,Simple,Local,G10,Europe,CHF,Short-term,3M,BBG,PX_LAST,Rate,,,SFSNTC Curncy,,,,,,,Source sheet row 3.,False
SEK 3M Money Market Rate,SEK3M_PX_LAST,SEK3m,Fixed Income,Money Market Rate,Money Market,Simple,Local,G10,Europe,SEK,Short-term,3M,BBG,PX_LAST,Rate,,,STIB3M index,,,,,,,Source sheet row 4.,False
AUD 3M Money Market Rate,AUD3M_PX_LAST,AUD3m,Fixed Income,Money Market Rate,Money Market,Simple,Local,G10,Asia Pacific,AUD,Short-term,3M,BBG,PX_LAST,Rate,,,bbsw3m index,,,,,,,Source sheet row 5.,False
NZD 3M Money Market Rate,NZD3M_PX_LAST,NZD3m,Fixed Income,Money Market Rate,Money Market,Simple,Local,G10,Asia Pacific,NZD,Short-term,3M,BBG,PX_LAST,Rate,,,NFIX3FRA Index,,,,,,,Source sheet row 6.,False
JPY 3M Money Market Rate,JPY3M_PX_LAST,JPY3m,Fixed Income,Money Market Rate,Money Market,Simple,Local,G10,Asia Pacific,JPY,Short-term,3M,BBG,PX_LAST,Rate,,,JYSOC Curncy,,,,,,,Source sheet row 114.,False
USD 3M Money Market Rate,USD3M_PX_LAST,USD3m,Fixed Income,Money Market Rate,Money Market,Simple,Local,G10,North America,USD,Short-term,3M,BBG,PX_LAST,Rate,,,USOSFRC BGN Curncy,,,,,,,Source sheet row 128.,False
NOK 3M Money Market Rate,NOK3M_PX_LAST,NOK3m,Fixed Income,Money Market Rate,Money Market,Simple,Local,G10,Europe,NOK,Short-term,3M,BBG,PX_LAST,Rate,,,NKS3M BGN Curncy,,,,,,,Source sheet row 132.,False
GBP 3M Money Market Rate,GBP3M_PX_LAST,GBP3m,Fixed Income,Money Market Rate,Money Market,Simple,Local,G10,Europe,GBP,Short-term,3M,BBG,PX_LAST,Rate,,,BPSWSC BGN Curncy,,,,,,,Source sheet row 133.,False
CAD 3M Money Market Rate,CAD3M_PX_LAST,CAD3m,Fixed Income,Money Market Rate,Money Market,Simple,Local,G10,North America,CAD,Short-term,3M,BBG,PX_LAST,Rate,,,GTCAD3M Govt,,,,,,,"Source sheet row 135. Ticker read from the Excel formula bar (cell A135), not from a visible sheet row.",False
EUR 10Y Sovereign Yield,EUR10Y_PX_LAST,EUR10y,Fixed Income,Sovereign Yield,Bond,Simple,Local,G10,Europe,EUR,Long-term,10Y,BBG,PX_LAST,Rate,,,GECU10YR Index,,,,,,,Source sheet row 28.,False
USD 10Y Sovereign Yield,USD10Y_PX_LAST,USD10y,Fixed Income,Sovereign Yield,Bond,Simple,Local,G10,North America,USD,Long-term,10Y,BBG,PX_LAST,Rate,,,USGG10YR Index,,,,,,,Source sheet row 29.,False
JPY 10Y Sovereign Yield,JPY10Y_PX_LAST,JPY10y,Fixed Income,Sovereign Yield,Bond,Simple,Local,G10,Asia Pacific,JPY,Long-term,10Y,BBG,PX_LAST,Rate,,,GJGB10 Index,,,,,,,Source sheet row 30.,False
CHF 10Y Sovereign Yield,CHF10Y_PX_LAST,CHF10y,Fixed Income,Sovereign Yield,Bond,Simple,Local,G10,Europe,CHF,Long-term,10Y,BBG,PX_LAST,Rate,,,GSWISS10 Index,,,,,,,Source sheet row 31.,False
GBP 10Y Sovereign Yield,GBP10Y_PX_LAST,GBP10y,Fixed Income,Sovereign Yield,Bond,Simple,Local,G10,Europe,GBP,Long-term,10Y,BBG,PX_LAST,Rate,,,GUKG10 Index,,,,,,,Source sheet row 32.,False
NOK 10Y Sovereign Yield,NOK10Y_PX_LAST,NOK10y,Fixed Income,Sovereign Yield,Bond,Simple,Local,G10,Europe,NOK,Long-term,10Y,BBG,PX_LAST,Rate,,,GNOR10YR Index,,,,,,,Source sheet row 33.,False
SEK 10Y Sovereign Yield,SEK10Y_PX_LAST,SEK10y,Fixed Income,Sovereign Yield,Bond,Simple,Local,G10,Europe,SEK,Long-term,10Y,BBG,PX_LAST,Rate,,,GSGB10YR Index,,,,,,,Source sheet row 34.,False
AUD 10Y Sovereign Yield,AUD10Y_PX_LAST,AUD10y,Fixed Income,Sovereign Yield,Bond,Simple,Local,G10,Asia Pacific,AUD,Long-term,10Y,BBG,PX_LAST,Rate,,,GACGB10 Index,,,,,,,Source sheet row 35.,False
CAD 10Y Sovereign Yield,CAD10Y_PX_LAST,CAD10y,Fixed Income,Sovereign Yield,Bond,Simple,Local,G10,North America,CAD,Long-term,10Y,BBG,PX_LAST,Rate,,,GCAN10YR Index,,,,,,,Source sheet row 36.,False
NZD 10Y Sovereign Yield,NZD10Y_PX_LAST,NZD10y,Fixed Income,Sovereign Yield,Bond,Simple,Local,G10,Asia Pacific,NZD,Long-term,10Y,BBG,PX_LAST,Rate,,,GNZGB10 Index,,,,,,,Source sheet row 37.,False
Korea 5Y Sovereign CDS Premium,KRWCDS_PX_LAST,KRWCDS,Credit,Sovereign CDS,CDS,Complex,Local,EM,Asia Pacific,KRW,Medium-term,5Y,HAWK,,,,,,,PREM,KOREA.FULL.USD.SEN.5Y.PREM,,,,Source sheet row 140. Denominated in USD. Entity prefix RECONSTRUCTED -- the source screenshot truncates the ticker's left edge; only '.FULL.<CCY>.SEN.5Y.PREM' was legible. VERIFY the full string before ingest.,False
Thailand 5Y Sovereign CDS Premium,THBCDS_PX_LAST,THBCDS,Credit,Sovereign CDS,CDS,Complex,Local,EM,Asia Pacific,THB,Medium-term,5Y,HAWK,,,,,,,PREM,THAILAND.FULL.USD.SEN.5Y.PREM,,,,Source sheet row 141. Denominated in USD. Entity prefix RECONSTRUCTED -- the source screenshot truncates the ticker's left edge; only '.FULL.<CCY>.SEN.5Y.PREM' was legible. VERIFY the full string before ingest.,False
Malaysia 5Y Sovereign CDS Premium,MYRCDS_PX_LAST,MYRCDS,Credit,Sovereign CDS,CDS,Complex,Local,EM,Asia Pacific,MYR,Medium-term,5Y,HAWK,,,,,,,PREM,MALAYSIA.FULL.USD.SEN.5Y.PREM,,,,Source sheet row 142. Denominated in USD. Entity prefix RECONSTRUCTED -- the source screenshot truncates the ticker's left edge; only '.FULL.<CCY>.SEN.5Y.PREM' was legible. VERIFY the full string before ingest.,False
Indonesia 5Y Sovereign CDS Premium,IDRCDS_PX_LAST,IDRCDS,Credit,Sovereign CDS,CDS,Complex,Local,EM,Asia Pacific,IDR,Medium-term,5Y,HAWK,,,,,,,PREM,INDONESIA.FULL.USD.SEN.5Y.PREM,,,,Source sheet row 143. Denominated in USD. Entity prefix RECONSTRUCTED -- the source screenshot truncates the ticker's left edge; only '.FULL.<CCY>.SEN.5Y.PREM' was legible. VERIFY the full string before ingest.,False
India 5Y Sovereign CDS Premium,INRCDS_PX_LAST,INRCDS,Credit,Sovereign CDS,CDS,Complex,Local,EM,South Asia,INR,Medium-term,5Y,HAWK,,,,,,,PREM,INDIA.FULL.USD.SEN.5Y.PREM,,,,Source sheet row 144. Denominated in USD. Entity prefix RECONSTRUCTED -- the source screenshot truncates the ticker's left edge; only '.FULL.<CCY>.SEN.5Y.PREM' was legible. VERIFY the full string before ingest.,False
Czech Republic 5Y Sovereign CDS Premium,CZKCDS_PX_LAST,CZKCDS,Credit,Sovereign CDS,CDS,Complex,Local,EM,Europe,CZK,Medium-term,5Y,HAWK,,,,,,,PREM,CZECH REPUBLIC.FULL.USD.SEN.5Y.PREM,,,,Source sheet row 145. Denominated in USD. Entity prefix RECONSTRUCTED -- the source screenshot truncates the ticker's left edge; only '.FULL.<CCY>.SEN.5Y.PREM' was legible. VERIFY the full string before ingest.,False
Romania 5Y Sovereign CDS Premium,RONCDS_PX_LAST,RONCDS,Credit,Sovereign CDS,CDS,Complex,Local,EM,Europe,RON,Medium-term,5Y,HAWK,,,,,,,PREM,ROMANIA.FULL.USD.SEN.5Y.PREM,,,,Source sheet row 146. Denominated in USD. Entity prefix RECONSTRUCTED -- the source screenshot truncates the ticker's left edge; only '.FULL.<CCY>.SEN.5Y.PREM' was legible. VERIFY the full string before ingest.,False
Israel 5Y Sovereign CDS Premium,ILSCDS_PX_LAST,ILSCDS,Credit,Sovereign CDS,CDS,Complex,Local,EM,Middle East,ILS,Medium-term,5Y,HAWK,,,,,,,PREM,ISRAEL.FULL.EUR.SEN.5Y.PREM,,,,"Source sheet row 147. Denominated in EUR. NOTE: EUR-denominated, unlike the other 11 which are USD. Entity prefix RECONSTRUCTED -- the source screenshot truncates the ticker's left edge; only '.FULL.<CCY>.SEN.5Y.PREM' was legible. VERIFY the full string before ingest.",False
South Africa 5Y Sovereign CDS Premium,ZARCDS_PX_LAST,ZARCDS,Credit,Sovereign CDS,CDS,Complex,Local,EM,Africa,ZAR,Medium-term,5Y,HAWK,,,,,,,PREM,SOUTH AFRICA.FULL.USD.SEN.5Y.PREM,,,,Source sheet row 148. Denominated in USD. Entity prefix RECONSTRUCTED -- the source screenshot truncates the ticker's left edge; only '.FULL.<CCY>.SEN.5Y.PREM' was legible. VERIFY the full string before ingest.,False
Russia 5Y Sovereign CDS Premium,RUBCDS_PX_LAST,RUBCDS,Credit,Sovereign CDS,CDS,Complex,Local,EM,Europe,RUB,Medium-term,5Y,HAWK,,,,,,,PREM,RUSSIA.FULL.USD.SEN.5Y.PREM,,,,Source sheet row 149. Denominated in USD. Entity prefix RECONSTRUCTED -- the source screenshot truncates the ticker's left edge; only '.FULL.<CCY>.SEN.5Y.PREM' was legible. VERIFY the full string before ingest.,False
Poland 5Y Sovereign CDS Premium,PLNCDS_PX_LAST,PLNCDS,Credit,Sovereign CDS,CDS,Complex,Local,EM,Europe,PLN,Medium-term,5Y,HAWK,,,,,,,PREM,POLAND.FULL.USD.SEN.5Y.PREM,,,,Source sheet row 150. Denominated in USD. Entity prefix RECONSTRUCTED -- the source screenshot truncates the ticker's left edge; only '.FULL.<CCY>.SEN.5Y.PREM' was legible. VERIFY the full string before ingest.,False
Hungary 5Y Sovereign CDS Premium,HUFCDS_PX_LAST,HUFCDS,Credit,Sovereign CDS,CDS,Complex,Local,EM,Europe,HUF,Medium-term,5Y,HAWK,,,,,,,PREM,HUNGARY.FULL.USD.SEN.5Y.PREM,,,,Source sheet row 151. Denominated in USD. Entity prefix RECONSTRUCTED -- the source screenshot truncates the ticker's left edge; only '.FULL.<CCY>.SEN.5Y.PREM' was legible. VERIFY the full string before ingest.,False
MSCI EUR Local Equity Index,EURMSCI_PX_LAST,EURmsci,Equity,Equity Index,Index,Simple,Local,G10,Europe,EUR,,,BBG,PX_LAST,Index,,,MSER Index,,,,,,,"Source sheet row 15. MSER = MSCI Europe ex UK, not a euro-area-only index. Definitional difference from the other MX** country indices.",False
MSCI USD Local Equity Index,USDMSCI_PX_LAST,USDmsci,Equity,Equity Index,Index,Simple,Local,G10,North America,USD,,,BBG,PX_LAST,Index,,,MXUS Index,,,,,,,Source sheet row 16.,False
MSCI JPY Local Equity Index,JPYMSCI_PX_LAST,JPYmsci,Equity,Equity Index,Index,Simple,Local,G10,Asia Pacific,JPY,,,BBG,PX_LAST,Index,,,MXJP Index,,,,,,,Source sheet row 17.,False
MSCI CHF Local Equity Index,CHFMSCI_PX_LAST,CHFmsci,Equity,Equity Index,Index,Simple,Local,G10,Europe,CHF,,,BBG,PX_LAST,Index,,,MXCH Index,,,,,,,Source sheet row 18.,False
MSCI GBP Local Equity Index,GBPMSCI_PX_LAST,GBPmsci,Equity,Equity Index,Index,Simple,Local,G10,Europe,GBP,,,BBG,PX_LAST,Index,,,MXGB Index,,,,,,,Source sheet row 19.,False
MSCI NOK Local Equity Index,NOKMSCI_PX_LAST,NOKmsci,Equity,Equity Index,Index,Simple,Local,G10,Europe,NOK,,,BBG,PX_LAST,Index,,,MXNO Index,,,,,,,Source sheet row 20.,False
MSCI SEK Local Equity Index,SEKMSCI_PX_LAST,SEKmsci,Equity,Equity Index,Index,Simple,Local,G10,Europe,SEK,,,BBG,PX_LAST,Index,,,MXSE Index,,,,,,,Source sheet row 21.,False
MSCI AUD Local Equity Index,AUDMSCI_PX_LAST,AUDmsci,Equity,Equity Index,Index,Simple,Local,G10,Asia Pacific,AUD,,,BBG,PX_LAST,Index,,,MXAU Index,,,,,,,Source sheet row 22.,False
MSCI CAD Local Equity Index,CADMSCI_PX_LAST,CADmsci,Equity,Equity Index,Index,Simple,Local,G10,North America,CAD,,,BBG,PX_LAST,Index,,,MXCA Index,,,,,,,Source sheet row 23.,False
MSCI NZD Local Equity Index,NZDMSCI_PX_LAST,NZDmsci,Equity,Equity Index,Index,Simple,Local,G10,Asia Pacific,NZD,,,BBG,PX_LAST,Index,,,MXNZ Index,,,,,,,Source sheet row 24.,False
MSCI KRW Local Equity Index,KRWMSCI_PX_LAST,KRWmsci,Equity,Equity Index,Index,Simple,Local,EM,Asia Pacific,KRW,,,BBG,PX_LAST,Index,,,MXKR Index,,,,,,,Source sheet row 53.,False
MSCI THB Local Equity Index,THBMSCI_PX_LAST,THBmsci,Equity,Equity Index,Index,Simple,Local,EM,Asia Pacific,THB,,,BBG,PX_LAST,Index,,,MXTH Index,,,,,,,Source sheet row 54.,False
MSCI MYR Local Equity Index,MYRMSCI_PX_LAST,MYRmsci,Equity,Equity Index,Index,Simple,Local,EM,Asia Pacific,MYR,,,BBG,PX_LAST,Index,,,MXMY Index,,,,,,,Source sheet row 55.,False
MSCI IDR Local Equity Index,IDRMSCI_PX_LAST,IDRmsci,Equity,Equity Index,Index,Simple,Local,EM,Asia Pacific,IDR,,,BBG,PX_LAST,Index,,,MXID Index,,,,,,,Source sheet row 56.,False
MSCI INR Local Equity Index,INRMSCI_PX_LAST,INRmsci,Equity,Equity Index,Index,Simple,Local,EM,South Asia,INR,,,BBG,PX_LAST,Index,,,MXIN Index,,,,,,,Source sheet row 57.,False
MSCI SGD Local Equity Index,SGDMSCI_PX_LAST,SGDmsci,Equity,Equity Index,Index,Simple,Local,EM,Asia Pacific,SGD,,,BBG,PX_LAST,Index,,,MXSG Index,,,,,,,Source sheet row 58.,False
MSCI PHP Local Equity Index,PHPMSCI_PX_LAST,PHPmsci,Equity,Equity Index,Index,Simple,Local,EM,Asia Pacific,PHP,,,BBG,PX_LAST,Index,,,MXPH Index,,,,,,,Source sheet row 59.,False
MSCI TWD Local Equity Index,TWDMSCI_PX_LAST,TWDmsci,Equity,Equity Index,Index,Simple,Local,EM,Asia Pacific,TWD,,,BBG,PX_LAST,Index,,,MXTW Index,,,,,,,Source sheet row 60.,False
MSCI BRL Local Equity Index,BRLMSCI_PX_LAST,BRLmsci,Equity,Equity Index,Index,Simple,Local,EM,Latin America,BRL,,,BBG,PX_LAST,Index,,,MXBR Index,,,,,,,Source sheet row 61.,False
MSCI CLP Local Equity Index,CLPMSCI_PX_LAST,CLPmsci,Equity,Equity Index,Index,Simple,Local,EM,Latin America,CLP,,,BBG,PX_LAST,Index,,,MXCL Index,,,,,,,Source sheet row 62.,False
MSCI MXN Local Equity Index,MXNMSCI_PX_LAST,MXNmsci,Equity,Equity Index,Index,Simple,Local,EM,Latin America,MXN,,,BBG,PX_LAST,Index,,,MXMX Index,,,,,,,Source sheet row 63.,False
MSCI COP Local Equity Index,COPMSCI_PX_LAST,COPmsci,Equity,Equity Index,Index,Simple,Local,EM,Latin America,COP,,,BBG,PX_LAST,Index,,,MXCO Index,,,,,,,Source sheet row 64.,False
MSCI PEN Local Equity Index,PENMSCI_PX_LAST,PENmsci,Equity,Equity Index,Index,Simple,Local,EM,Latin America,PEN,,,BBG,PX_LAST,Index,,,MXPE Index,,,,,,,Source sheet row 65.,False
CSI 300 China Local Equity Index (live),CNHLIVEMSCI_PX_LAST,CNHlivemsci,Equity,Equity Index,Index,Simple,Local,CHN,Asia Pacific,CNH,,,BBG,PX_LAST,Index,,,SHSZ300 Index,,,,,,,Source sheet row 111. Intraday/live vintage of the China local equity driver.,False
MSCI World Index,MXWO_PX_LAST,MXWO,Equity,Equity Index,Index,Simple,Global,GLOBAL,GLOBAL,USD,,,BBG,PX_LAST,Index,,,MXWO Index,,,,,,,Source sheet row 25. Source sheet region 'DM EM China' -- single global benchmark applied identically to every pair in every universe.,False
MSCI World Index (live),MXWOLIVE_PX_LAST,MXWOlive,Equity,Equity Index,Index,Simple,Global,GLOBAL,GLOBAL,USD,,,BBG,PX_LAST,Index,,,ZWPA Index,,,,,,,Source sheet row 112. Source sheet region 'DM EM China'. Intraday/live vintage of MXWO -- do not regress on both MXWO and MXWOlive in the same specification.,False
Brent Crude Oil,BRENT_PX_LAST,BRENT,Commodity,Crude Oil,Futures,Simple,Global,GLOBAL,GLOBAL,USD,,,BBG,PX_LAST,Price,,,Co2 Comdty,,,,,,,Source sheet row 26. Source sheet region 'DM EM' -- not tagged for China.,False
WTI Crude Oil,WTI_PX_LAST,WTI,Commodity,Crude Oil,Futures,Simple,Global,GLOBAL,GLOBAL,USD,,,BBG,PX_LAST,Price,,,CL2 Comdty,,,,,,,Source sheet row 27. Source sheet region 'DM EM' -- not tagged for China.,False
Coal Benchmark,COAL_PX_LAST,COAL,Commodity,Coal,Futures,Simple,Global,EM,GLOBAL,USD,,,BBG,PX_LAST,Price,,,XW2 Comdty,,,,,,,Source sheet row 129.,False
Steel Benchmark (HRC),STEEL_PX_LAST,STEEL,Commodity,Steel,Futures,Simple,Global,EM,GLOBAL,USD,,,BBG,PX_LAST,Price,,,HRC1 Comdty,,,,,,,Source sheet row 130.,False
Iron Ore Benchmark,IRON_PX_LAST,IRON,Commodity,Iron Ore,Futures,Simple,Global,EM,GLOBAL,USD,,,BBG,PX_LAST,Price,,,ISIX62IU Index,,,,,,,Source sheet row 131.,False
Orange Juice Index,ORANGE_JUICE_PX_LAST,ORANGE_JUICE,Commodity,Softs,Index,Simple,Global,EM,GLOBAL,USD,,,Macrobond,,,,,,,,,,,,Source sheet row 152. Source sheet has ticker 'Orange Juice' / underlying 'Orange Juice Index' -- the reverse of every other row. Underlying normalised to ORANGE_JUICE to match the bare-name convention of BRENT/WTI/COAL/STEEL/IRON. No vendor ticker available.,False
Cocoa Index,COCOA_PX_LAST,COCOA,Commodity,Softs,Index,Simple,Global,EM,GLOBAL,USD,,,Macrobond,,,,,,,,,,,,Source sheet row 153. Underlying normalised from 'Cocoa Index'. No vendor ticker available.,False
Coffee Index,COFFEE_PX_LAST,COFFEE,Commodity,Softs,Index,Simple,Global,EM,GLOBAL,USD,,,Macrobond,,,,,,,,,,,,Source sheet row 154. Underlying normalised from 'Coffee Index'. No vendor ticker available.,False
Sugar Index,SUGAR_PX_LAST,SUGAR,Commodity,Softs,Index,Simple,Global,EM,GLOBAL,USD,,,Macrobond,,,,,,,,,,,,Source sheet row 155. Underlying normalised from 'Sugar Index'. No vendor ticker available.,False
CNH 3M Forward Points (offshore),OFFSHORE_SPREAD_PX_LAST,offshore_spread,Currency,FX Forward,Forward,Simple,Offshore,CHN,Asia Pacific,CNH,Short-term,3M,BBG,PX_LAST,Spread,,,CNH+3M CMPN Curncy,,,,,,,Source sheet row 116. Offshore leg of the CNH-CNY basis. Differenced against onshore_spread in the feature layer. Not one of the 5 canonical STEER drivers.,False
CNY 3M Forward Points (onshore),ONSHORE_SPREAD_PX_LAST,onshore_spread,Currency,FX Forward,Forward,Simple,Onshore,CHN,Asia Pacific,CNY,Short-term,3M,BBG,PX_LAST,Spread,,,CCO+3M CMPN Curncy,,,,,,,Source sheet row 117. Onshore leg of the CNH-CNY basis. Not one of the 5 canonical STEER drivers.,False
Shanghai Connect Buy Turnover,SHANGHAI_BUY_FLOWS_PX_LAST,shanghai_buy_flows,Equity,Equity Flow,Flow,Simple,Local,CHN,Asia Pacific,CNY,,,BBG,PX_LAST,Volume,,,C1DBTO Index,,,,,,,Source sheet row 118. HKEX stopped reporting separate buy/sell equity flows from 2024-08-16; valid_to set accordingly. Net flows = buys - sells was the pre-cutover flows driver.,False
Shenzhen Connect Buy Turnover,SHENZHEN_BUY_FLOWS_PX_LAST,shenzhen_buy_flows,Equity,Equity Flow,Flow,Simple,Local,CHN,Asia Pacific,CNY,,,BBG,PX_LAST,Volume,,,C2DBTO Index,,,,,,,Source sheet row 119. HKEX stopped reporting separate buy/sell equity flows from 2024-08-16; valid_to set accordingly. Net flows = buys - sells was the pre-cutover flows driver.,False
Shanghai Connect Sell Turnover,SHANGHAI_SELL_FLOWS_PX_LAST,shanghai_sell_flows,Equity,Equity Flow,Flow,Simple,Local,CHN,Asia Pacific,CNY,,,BBG,PX_LAST,Volume,,,C1DSTO Index,,,,,,,Source sheet row 120. HKEX stopped reporting separate buy/sell equity flows from 2024-08-16; valid_to set accordingly. Net flows = buys - sells was the pre-cutover flows driver.,False
Shenzhen Connect Sell Turnover,SHENZHEN_SELL_FLOWS_PX_LAST,shenzhen_sell_flows,Equity,Equity Flow,Flow,Simple,Local,CHN,Asia Pacific,CNY,,,BBG,PX_LAST,Volume,,,C2DSTO Index,,,,,,,Source sheet row 121. HKEX stopped reporting separate buy/sell equity flows from 2024-08-16; valid_to set accordingly. Net flows = buys - sells was the pre-cutover flows driver.,False
Shanghai Connect Total Turnover,SHANGHAI_FLOWS_TURNOVER_PX_LAST,shanghai_flows_turnover,Equity,Equity Flow,Flow,Simple,Local,CHN,Asia Pacific,CNY,,,BBG,PX_LAST,Volume,,,C1DTTO Index,,,,,,,"Source sheet row 136. Total-turnover replacement for the net-flows driver from 2024-08-16 onward, per the USDCNH specification revision.",False
Shenzhen Connect Total Turnover,SHENZHEN_FLOWS_TURNOVER_PX_LAST,shenzhen_flows_turnover,Equity,Equity Flow,Flow,Simple,Local,CHN,Asia Pacific,CNY,,,BBG,PX_LAST,Volume,,,C2DTTO Index,,,,,,,"Source sheet row 137. Total-turnover replacement for the net-flows driver from 2024-08-16 onward, per the USDCNH specification revision.",False
CAD 2Y Interest Rate Swap,CAD2YSW_PX_LAST,CAD2ysw,Fixed Income,Interest Rate Swap,Swap,Simple,Local,G10,North America,CAD,Medium-term,2Y,BBG,PX_LAST,Rate,,,CDSWAP2 Curncy,,,,,,,SYNTHETIC PLACEHOLDER -- not a verified vendor ticker. Follows the ADSWAP2/NDSWAP2 convention used for the other commodity-block G10 swaps.,True
INR 2Y Interest Rate Swap,INR2YSW_PX_LAST,INR2ysw,Fixed Income,Interest Rate Swap,Swap,Simple,Local,EM,South Asia,INR,Medium-term,2Y,BBG,PX_LAST,Rate,,,IRSWNI2 Curncy,,,,,,,"SYNTHETIC PLACEHOLDER -- not a verified vendor ticker. Follows the non-deliverable ...NI2 convention used for MYR (MRSWNI2), PHP (PPUSNI2) and CNH (CCSWNI2).",True
TWD 2Y Interest Rate Swap,TWD2YSW_PX_LAST,TWD2ysw,Fixed Income,Interest Rate Swap,Swap,Simple,Local,EM,Asia Pacific,TWD,Medium-term,2Y,BBG,PX_LAST,Rate,,,TWSWNI2 Curncy,,,,,,,SYNTHETIC PLACEHOLDER -- not a verified vendor ticker. Follows the non-deliverable ...NI2 convention. TWD has a local equity index (MXTW) in the real sheet but no swap row was captured.,True
Turkey 5Y Sovereign CDS Premium,TRYCDS_PX_LAST,TRYCDS,Credit,Sovereign CDS,CDS,Complex,Local,EM,Europe,TRY,Medium-term,5Y,HAWK,,,,,,,PREM,TURKEY.FULL.USD.SEN.5Y.PREM,,,,SYNTHETIC PLACEHOLDER -- not a verified vendor ticker. Follows the <ENTITY>.FULL.USD.SEN.5Y.PREM convention of the 12 real CDS rows. Denominated in USD.,True
Brazil 5Y Sovereign CDS Premium,BRLCDS_PX_LAST,BRLCDS,Credit,Sovereign CDS,CDS,Complex,Local,EM,Latin America,BRL,Medium-term,5Y,HAWK,,,,,,,PREM,BRAZIL.FULL.USD.SEN.5Y.PREM,,,,SYNTHETIC PLACEHOLDER -- not a verified vendor ticker. Follows the <ENTITY>.FULL.USD.SEN.5Y.PREM convention of the 12 real CDS rows. Denominated in USD.,True
Chile 5Y Sovereign CDS Premium,CLPCDS_PX_LAST,CLPCDS,Credit,Sovereign CDS,CDS,Complex,Local,EM,Latin America,CLP,Medium-term,5Y,HAWK,,,,,,,PREM,CHILE.FULL.USD.SEN.5Y.PREM,,,,SYNTHETIC PLACEHOLDER -- not a verified vendor ticker. Follows the <ENTITY>.FULL.USD.SEN.5Y.PREM convention of the 12 real CDS rows. Denominated in USD.,True
Colombia 5Y Sovereign CDS Premium,COPCDS_PX_LAST,COPCDS,Credit,Sovereign CDS,CDS,Complex,Local,EM,Latin America,COP,Medium-term,5Y,HAWK,,,,,,,PREM,COLOMBIA.FULL.USD.SEN.5Y.PREM,,,,SYNTHETIC PLACEHOLDER -- not a verified vendor ticker. Follows the <ENTITY>.FULL.USD.SEN.5Y.PREM convention of the 12 real CDS rows. Denominated in USD.,True
Mexico 5Y Sovereign CDS Premium,MXNCDS_PX_LAST,MXNCDS,Credit,Sovereign CDS,CDS,Complex,Local,EM,Latin America,MXN,Medium-term,5Y,HAWK,,,,,,,PREM,MEXICO.FULL.USD.SEN.5Y.PREM,,,,SYNTHETIC PLACEHOLDER -- not a verified vendor ticker. Follows the <ENTITY>.FULL.USD.SEN.5Y.PREM convention of the 12 real CDS rows. Denominated in USD.,True
Peru 5Y Sovereign CDS Premium,PENCDS_PX_LAST,PENCDS,Credit,Sovereign CDS,CDS,Complex,Local,EM,Latin America,PEN,Medium-term,5Y,HAWK,,,,,,,PREM,PERU.FULL.USD.SEN.5Y.PREM,,,,SYNTHETIC PLACEHOLDER -- not a verified vendor ticker. Follows the <ENTITY>.FULL.USD.SEN.5Y.PREM convention of the 12 real CDS rows. Denominated in USD.,True
Philippines 5Y Sovereign CDS Premium,PHPCDS_PX_LAST,PHPCDS,Credit,Sovereign CDS,CDS,Complex,Local,EM,Asia Pacific,PHP,Medium-term,5Y,HAWK,,,,,,,PREM,PHILIPPINES.FULL.USD.SEN.5Y.PREM,,,,SYNTHETIC PLACEHOLDER -- not a verified vendor ticker. Follows the <ENTITY>.FULL.USD.SEN.5Y.PREM convention of the 12 real CDS rows. Denominated in USD.,True
Singapore 5Y Sovereign CDS Premium,SGDCDS_PX_LAST,SGDCDS,Credit,Sovereign CDS,CDS,Complex,Local,EM,Asia Pacific,SGD,Medium-term,5Y,HAWK,,,,,,,PREM,SINGAPORE.FULL.USD.SEN.5Y.PREM,,,,SYNTHETIC PLACEHOLDER -- not a verified vendor ticker. Follows the <ENTITY>.FULL.USD.SEN.5Y.PREM convention of the 12 real CDS rows. Denominated in USD.,True
Taiwan 5Y Sovereign CDS Premium,TWDCDS_PX_LAST,TWDCDS,Credit,Sovereign CDS,CDS,Complex,Local,EM,Asia Pacific,TWD,Medium-term,5Y,HAWK,,,,,,,PREM,TAIWAN.FULL.USD.SEN.5Y.PREM,,,,SYNTHETIC PLACEHOLDER -- not a verified vendor ticker. Follows the <ENTITY>.FULL.USD.SEN.5Y.PREM convention of the 12 real CDS rows. Denominated in USD.,True
China 5Y Sovereign CDS Premium,CNHCDS_PX_LAST,CNHCDS,Credit,Sovereign CDS,CDS,Complex,Local,CHN,Asia Pacific,CNH,Medium-term,5Y,HAWK,,,,,,,PREM,CHINA.FULL.USD.SEN.5Y.PREM,,,,"SYNTHETIC PLACEHOLDER -- not a verified vendor ticker. ASSUMPTION: applies the EM driver-2 treatment (5Y sovereign CDS) to CHN. The source sheet supplies no CNH curve legs and no China CDS, so CHN's driver 2 is unconfirmed -- CONFIRM with the model owner. Follows the <ENTITY>.FULL.USD.SEN.5Y.PREM convention of the 12 real CDS rows. Denominated in USD.",True
MSCI TRY Local Equity Index,TRYMSCI_PX_LAST,TRYmsci,Equity,Equity Index,Index,Simple,Local,EM,Europe,TRY,,,BBG,PX_LAST,Index,,,MXTR Index,,,,,,,SYNTHETIC PLACEHOLDER -- not a verified vendor ticker. Follows the MX<country> convention of the 23 real MSCI rows. Ticker is plausible but UNVERIFIED.,True
MSCI PLN Local Equity Index,PLNMSCI_PX_LAST,PLNmsci,Equity,Equity Index,Index,Simple,Local,EM,Europe,PLN,,,BBG,PX_LAST,Index,,,MXPL Index,,,,,,,SYNTHETIC PLACEHOLDER -- not a verified vendor ticker. Follows the MX<country> convention of the 23 real MSCI rows. Ticker is plausible but UNVERIFIED.,True
MSCI CZK Local Equity Index,CZKMSCI_PX_LAST,CZKmsci,Equity,Equity Index,Index,Simple,Local,EM,Europe,CZK,,,BBG,PX_LAST,Index,,,MXCZ Index,,,,,,,SYNTHETIC PLACEHOLDER -- not a verified vendor ticker. Follows the MX<country> convention of the 23 real MSCI rows. Ticker is plausible but UNVERIFIED.,True
MSCI HUF Local Equity Index,HUFMSCI_PX_LAST,HUFmsci,Equity,Equity Index,Index,Simple,Local,EM,Europe,HUF,,,BBG,PX_LAST,Index,,,MXHU Index,,,,,,,SYNTHETIC PLACEHOLDER -- not a verified vendor ticker. Follows the MX<country> convention of the 23 real MSCI rows. Ticker is plausible but UNVERIFIED.,True
MSCI RON Local Equity Index,RONMSCI_PX_LAST,RONmsci,Equity,Equity Index,Index,Simple,Local,EM,Europe,RON,,,BBG,PX_LAST,Index,,,MXRO Index,,,,,,,SYNTHETIC PLACEHOLDER -- not a verified vendor ticker. Follows the MX<country> convention of the 23 real MSCI rows. Ticker is plausible but UNVERIFIED.,True
MSCI RUB Local Equity Index,RUBMSCI_PX_LAST,RUBmsci,Equity,Equity Index,Index,Simple,Local,EM,Europe,RUB,,,BBG,PX_LAST,Index,,,MXRU Index,,,,,,,SYNTHETIC PLACEHOLDER -- not a verified vendor ticker. Follows the MX<country> convention of the 23 real MSCI rows. Ticker is plausible but UNVERIFIED.,True
MSCI ILS Local Equity Index,ILSMSCI_PX_LAST,ILSmsci,Equity,Equity Index,Index,Simple,Local,EM,Middle East,ILS,,,BBG,PX_LAST,Index,,,MXIL Index,,,,,,,SYNTHETIC PLACEHOLDER -- not a verified vendor ticker. Follows the MX<country> convention of the 23 real MSCI rows. Ticker is plausible but UNVERIFIED.,True
MSCI ZAR Local Equity Index,ZARMSCI_PX_LAST,ZARmsci,Equity,Equity Index,Index,Simple,Local,EM,Africa,ZAR,,,BBG,PX_LAST,Index,,,MXZA Index,,,,,,,SYNTHETIC PLACEHOLDER -- not a verified vendor ticker. Follows the MX<country> convention of the 23 real MSCI rows. Ticker is plausible but UNVERIFIED.,True
MSCI CNH Local Equity Index,CNHMSCI_PX_LAST,CNHmsci,Equity,Equity Index,Index,Simple,Local,CHN,Asia Pacific,CNH,,,BBG,PX_LAST,Index,,,MXCN Index,,,,,,,SYNTHETIC PLACEHOLDER -- not a verified vendor ticker. Close vintage to pair with the live CNHlivemsci (SHSZ300). Follows the MX<country> convention of the 23 real MSCI rows. Ticker is plausible but UNVERIFIED.,True
Copper Benchmark,COPPER_PX_LAST,COPPER,Commodity,Copper,Futures,Simple,Global,EM,GLOBAL,USD,,,BBG,PX_LAST,Price,,,HG1 Comdty,,,,,,,SYNTHETIC PLACEHOLDER -- not a verified vendor ticker. Required by the methodology's Chile basket (100% copper) and Peru basket (67.4% copper). Follows the CL2/HRC1 futures convention.,True
Gold Benchmark,GOLD_PX_LAST,GOLD,Commodity,Gold,Spot,Simple,Global,EM,GLOBAL,USD,,,BBG,PX_LAST,Price,,,XAU Curncy,,,,,,,SYNTHETIC PLACEHOLDER -- not a verified vendor ticker. Required by the methodology's Peru basket (32.6% gold) and South Africa basket (23.2% gold). XAU Curncy matches the existing datalake gold rows.,True
EUR/GBP Spot,EURGBP_PX_LAST,EURGBP,Currency,FX Spot,Spot,Simple,Primary Market,G10,Europe,GBP,,,BBG,PX_LAST,Price,,,EURGBP Curncy,,,,,,,"Full C(10,2)=45 G10 cross matrix, market-conventional direction only -- base-currency precedence EUR>GBP>AUD>NZD>USD>CAD>CHF>NOK>SEK>JPY. No reciprocal pairs (e.g. no USDEUR alongside EURUSD): a reciprocal is the inverse of its counterpart and carries mathematically identical information, so including both directions would produce mirror-image signals from one underlying relationship, not two. Driver 2 (yield_curve_or_cds) resolves for every one of these pairs -- the G10 branch is a relative curve (base_3m-base_10y)-(quote_3m-quote_10y), and all ten G10 currencies have both 3M and 10Y coverage in this catalog.",False
EUR/AUD Spot,EURAUD_PX_LAST,EURAUD,Currency,FX Spot,Spot,Simple,Primary Market,G10,Asia Pacific,AUD,,,BBG,PX_LAST,Price,,,EURAUD Curncy,,,,,,,"Full C(10,2)=45 G10 cross matrix, market-conventional direction only -- base-currency precedence EUR>GBP>AUD>NZD>USD>CAD>CHF>NOK>SEK>JPY. No reciprocal pairs (e.g. no USDEUR alongside EURUSD): a reciprocal is the inverse of its counterpart and carries mathematically identical information, so including both directions would produce mirror-image signals from one underlying relationship, not two. Driver 2 (yield_curve_or_cds) resolves for every one of these pairs -- the G10 branch is a relative curve (base_3m-base_10y)-(quote_3m-quote_10y), and all ten G10 currencies have both 3M and 10Y coverage in this catalog.",False
EUR/NZD Spot,EURNZD_PX_LAST,EURNZD,Currency,FX Spot,Spot,Simple,Primary Market,G10,Asia Pacific,NZD,,,BBG,PX_LAST,Price,,,EURNZD Curncy,,,,,,,"Full C(10,2)=45 G10 cross matrix, market-conventional direction only -- base-currency precedence EUR>GBP>AUD>NZD>USD>CAD>CHF>NOK>SEK>JPY. No reciprocal pairs (e.g. no USDEUR alongside EURUSD): a reciprocal is the inverse of its counterpart and carries mathematically identical information, so including both directions would produce mirror-image signals from one underlying relationship, not two. Driver 2 (yield_curve_or_cds) resolves for every one of these pairs -- the G10 branch is a relative curve (base_3m-base_10y)-(quote_3m-quote_10y), and all ten G10 currencies have both 3M and 10Y coverage in this catalog.",False
EUR/USD Spot,EURUSD_PX_LAST,EURUSD,Currency,FX Spot,Spot,Simple,Primary Market,G10,Americas,USD,,,BBG,PX_LAST,Price,,,EURUSD Curncy,,,,,,,"Full C(10,2)=45 G10 cross matrix, market-conventional direction only -- base-currency precedence EUR>GBP>AUD>NZD>USD>CAD>CHF>NOK>SEK>JPY. No reciprocal pairs (e.g. no USDEUR alongside EURUSD): a reciprocal is the inverse of its counterpart and carries mathematically identical information, so including both directions would produce mirror-image signals from one underlying relationship, not two. Driver 2 (yield_curve_or_cds) resolves for every one of these pairs -- the G10 branch is a relative curve (base_3m-base_10y)-(quote_3m-quote_10y), and all ten G10 currencies have both 3M and 10Y coverage in this catalog.",False
EUR/CAD Spot,EURCAD_PX_LAST,EURCAD,Currency,FX Spot,Spot,Simple,Primary Market,G10,Americas,CAD,,,BBG,PX_LAST,Price,,,EURCAD Curncy,,,,,,,"Full C(10,2)=45 G10 cross matrix, market-conventional direction only -- base-currency precedence EUR>GBP>AUD>NZD>USD>CAD>CHF>NOK>SEK>JPY. No reciprocal pairs (e.g. no USDEUR alongside EURUSD): a reciprocal is the inverse of its counterpart and carries mathematically identical information, so including both directions would produce mirror-image signals from one underlying relationship, not two. Driver 2 (yield_curve_or_cds) resolves for every one of these pairs -- the G10 branch is a relative curve (base_3m-base_10y)-(quote_3m-quote_10y), and all ten G10 currencies have both 3M and 10Y coverage in this catalog.",False
EUR/CHF Spot,EURCHF_PX_LAST,EURCHF,Currency,FX Spot,Spot,Simple,Primary Market,G10,Europe,CHF,,,BBG,PX_LAST,Price,,,EURCHF Curncy,,,,,,,"Full C(10,2)=45 G10 cross matrix, market-conventional direction only -- base-currency precedence EUR>GBP>AUD>NZD>USD>CAD>CHF>NOK>SEK>JPY. No reciprocal pairs (e.g. no USDEUR alongside EURUSD): a reciprocal is the inverse of its counterpart and carries mathematically identical information, so including both directions would produce mirror-image signals from one underlying relationship, not two. Driver 2 (yield_curve_or_cds) resolves for every one of these pairs -- the G10 branch is a relative curve (base_3m-base_10y)-(quote_3m-quote_10y), and all ten G10 currencies have both 3M and 10Y coverage in this catalog.",False
EUR/NOK Spot,EURNOK_PX_LAST,EURNOK,Currency,FX Spot,Spot,Simple,Primary Market,G10,Europe,NOK,,,BBG,PX_LAST,Price,,,EURNOK Curncy,,,,,,,"Full C(10,2)=45 G10 cross matrix, market-conventional direction only -- base-currency precedence EUR>GBP>AUD>NZD>USD>CAD>CHF>NOK>SEK>JPY. No reciprocal pairs (e.g. no USDEUR alongside EURUSD): a reciprocal is the inverse of its counterpart and carries mathematically identical information, so including both directions would produce mirror-image signals from one underlying relationship, not two. Driver 2 (yield_curve_or_cds) resolves for every one of these pairs -- the G10 branch is a relative curve (base_3m-base_10y)-(quote_3m-quote_10y), and all ten G10 currencies have both 3M and 10Y coverage in this catalog.",False
EUR/SEK Spot,EURSEK_PX_LAST,EURSEK,Currency,FX Spot,Spot,Simple,Primary Market,G10,Europe,SEK,,,BBG,PX_LAST,Price,,,EURSEK Curncy,,,,,,,"Full C(10,2)=45 G10 cross matrix, market-conventional direction only -- base-currency precedence EUR>GBP>AUD>NZD>USD>CAD>CHF>NOK>SEK>JPY. No reciprocal pairs (e.g. no USDEUR alongside EURUSD): a reciprocal is the inverse of its counterpart and carries mathematically identical information, so including both directions would produce mirror-image signals from one underlying relationship, not two. Driver 2 (yield_curve_or_cds) resolves for every one of these pairs -- the G10 branch is a relative curve (base_3m-base_10y)-(quote_3m-quote_10y), and all ten G10 currencies have both 3M and 10Y coverage in this catalog.",False
EUR/JPY Spot,EURJPY_PX_LAST,EURJPY,Currency,FX Spot,Spot,Simple,Primary Market,G10,Asia Pacific,JPY,,,BBG,PX_LAST,Price,,,EURJPY Curncy,,,,,,,"Full C(10,2)=45 G10 cross matrix, market-conventional direction only -- base-currency precedence EUR>GBP>AUD>NZD>USD>CAD>CHF>NOK>SEK>JPY. No reciprocal pairs (e.g. no USDEUR alongside EURUSD): a reciprocal is the inverse of its counterpart and carries mathematically identical information, so including both directions would produce mirror-image signals from one underlying relationship, not two. Driver 2 (yield_curve_or_cds) resolves for every one of these pairs -- the G10 branch is a relative curve (base_3m-base_10y)-(quote_3m-quote_10y), and all ten G10 currencies have both 3M and 10Y coverage in this catalog.",False
GBP/AUD Spot,GBPAUD_PX_LAST,GBPAUD,Currency,FX Spot,Spot,Simple,Primary Market,G10,Asia Pacific,AUD,,,BBG,PX_LAST,Price,,,GBPAUD Curncy,,,,,,,"Full C(10,2)=45 G10 cross matrix, market-conventional direction only -- base-currency precedence EUR>GBP>AUD>NZD>USD>CAD>CHF>NOK>SEK>JPY. No reciprocal pairs (e.g. no USDEUR alongside EURUSD): a reciprocal is the inverse of its counterpart and carries mathematically identical information, so including both directions would produce mirror-image signals from one underlying relationship, not two. Driver 2 (yield_curve_or_cds) resolves for every one of these pairs -- the G10 branch is a relative curve (base_3m-base_10y)-(quote_3m-quote_10y), and all ten G10 currencies have both 3M and 10Y coverage in this catalog.",False
GBP/NZD Spot,GBPNZD_PX_LAST,GBPNZD,Currency,FX Spot,Spot,Simple,Primary Market,G10,Asia Pacific,NZD,,,BBG,PX_LAST,Price,,,GBPNZD Curncy,,,,,,,"Full C(10,2)=45 G10 cross matrix, market-conventional direction only -- base-currency precedence EUR>GBP>AUD>NZD>USD>CAD>CHF>NOK>SEK>JPY. No reciprocal pairs (e.g. no USDEUR alongside EURUSD): a reciprocal is the inverse of its counterpart and carries mathematically identical information, so including both directions would produce mirror-image signals from one underlying relationship, not two. Driver 2 (yield_curve_or_cds) resolves for every one of these pairs -- the G10 branch is a relative curve (base_3m-base_10y)-(quote_3m-quote_10y), and all ten G10 currencies have both 3M and 10Y coverage in this catalog.",False
GBP/USD Spot,GBPUSD_PX_LAST,GBPUSD,Currency,FX Spot,Spot,Simple,Primary Market,G10,Americas,USD,,,BBG,PX_LAST,Price,,,GBPUSD Curncy,,,,,,,"Full C(10,2)=45 G10 cross matrix, market-conventional direction only -- base-currency precedence EUR>GBP>AUD>NZD>USD>CAD>CHF>NOK>SEK>JPY. No reciprocal pairs (e.g. no USDEUR alongside EURUSD): a reciprocal is the inverse of its counterpart and carries mathematically identical information, so including both directions would produce mirror-image signals from one underlying relationship, not two. Driver 2 (yield_curve_or_cds) resolves for every one of these pairs -- the G10 branch is a relative curve (base_3m-base_10y)-(quote_3m-quote_10y), and all ten G10 currencies have both 3M and 10Y coverage in this catalog.",False
GBP/CAD Spot,GBPCAD_PX_LAST,GBPCAD,Currency,FX Spot,Spot,Simple,Primary Market,G10,Americas,CAD,,,BBG,PX_LAST,Price,,,GBPCAD Curncy,,,,,,,"Full C(10,2)=45 G10 cross matrix, market-conventional direction only -- base-currency precedence EUR>GBP>AUD>NZD>USD>CAD>CHF>NOK>SEK>JPY. No reciprocal pairs (e.g. no USDEUR alongside EURUSD): a reciprocal is the inverse of its counterpart and carries mathematically identical information, so including both directions would produce mirror-image signals from one underlying relationship, not two. Driver 2 (yield_curve_or_cds) resolves for every one of these pairs -- the G10 branch is a relative curve (base_3m-base_10y)-(quote_3m-quote_10y), and all ten G10 currencies have both 3M and 10Y coverage in this catalog.",False
GBP/CHF Spot,GBPCHF_PX_LAST,GBPCHF,Currency,FX Spot,Spot,Simple,Primary Market,G10,Europe,CHF,,,BBG,PX_LAST,Price,,,GBPCHF Curncy,,,,,,,"Full C(10,2)=45 G10 cross matrix, market-conventional direction only -- base-currency precedence EUR>GBP>AUD>NZD>USD>CAD>CHF>NOK>SEK>JPY. No reciprocal pairs (e.g. no USDEUR alongside EURUSD): a reciprocal is the inverse of its counterpart and carries mathematically identical information, so including both directions would produce mirror-image signals from one underlying relationship, not two. Driver 2 (yield_curve_or_cds) resolves for every one of these pairs -- the G10 branch is a relative curve (base_3m-base_10y)-(quote_3m-quote_10y), and all ten G10 currencies have both 3M and 10Y coverage in this catalog.",False
GBP/NOK Spot,GBPNOK_PX_LAST,GBPNOK,Currency,FX Spot,Spot,Simple,Primary Market,G10,Europe,NOK,,,BBG,PX_LAST,Price,,,GBPNOK Curncy,,,,,,,"Full C(10,2)=45 G10 cross matrix, market-conventional direction only -- base-currency precedence EUR>GBP>AUD>NZD>USD>CAD>CHF>NOK>SEK>JPY. No reciprocal pairs (e.g. no USDEUR alongside EURUSD): a reciprocal is the inverse of its counterpart and carries mathematically identical information, so including both directions would produce mirror-image signals from one underlying relationship, not two. Driver 2 (yield_curve_or_cds) resolves for every one of these pairs -- the G10 branch is a relative curve (base_3m-base_10y)-(quote_3m-quote_10y), and all ten G10 currencies have both 3M and 10Y coverage in this catalog.",False
GBP/SEK Spot,GBPSEK_PX_LAST,GBPSEK,Currency,FX Spot,Spot,Simple,Primary Market,G10,Europe,SEK,,,BBG,PX_LAST,Price,,,GBPSEK Curncy,,,,,,,"Full C(10,2)=45 G10 cross matrix, market-conventional direction only -- base-currency precedence EUR>GBP>AUD>NZD>USD>CAD>CHF>NOK>SEK>JPY. No reciprocal pairs (e.g. no USDEUR alongside EURUSD): a reciprocal is the inverse of its counterpart and carries mathematically identical information, so including both directions would produce mirror-image signals from one underlying relationship, not two. Driver 2 (yield_curve_or_cds) resolves for every one of these pairs -- the G10 branch is a relative curve (base_3m-base_10y)-(quote_3m-quote_10y), and all ten G10 currencies have both 3M and 10Y coverage in this catalog.",False
GBP/JPY Spot,GBPJPY_PX_LAST,GBPJPY,Currency,FX Spot,Spot,Simple,Primary Market,G10,Asia Pacific,JPY,,,BBG,PX_LAST,Price,,,GBPJPY Curncy,,,,,,,"Full C(10,2)=45 G10 cross matrix, market-conventional direction only -- base-currency precedence EUR>GBP>AUD>NZD>USD>CAD>CHF>NOK>SEK>JPY. No reciprocal pairs (e.g. no USDEUR alongside EURUSD): a reciprocal is the inverse of its counterpart and carries mathematically identical information, so including both directions would produce mirror-image signals from one underlying relationship, not two. Driver 2 (yield_curve_or_cds) resolves for every one of these pairs -- the G10 branch is a relative curve (base_3m-base_10y)-(quote_3m-quote_10y), and all ten G10 currencies have both 3M and 10Y coverage in this catalog.",False
AUD/NZD Spot,AUDNZD_PX_LAST,AUDNZD,Currency,FX Spot,Spot,Simple,Primary Market,G10,Asia Pacific,NZD,,,BBG,PX_LAST,Price,,,AUDNZD Curncy,,,,,,,"Full C(10,2)=45 G10 cross matrix, market-conventional direction only -- base-currency precedence EUR>GBP>AUD>NZD>USD>CAD>CHF>NOK>SEK>JPY. No reciprocal pairs (e.g. no USDEUR alongside EURUSD): a reciprocal is the inverse of its counterpart and carries mathematically identical information, so including both directions would produce mirror-image signals from one underlying relationship, not two. Driver 2 (yield_curve_or_cds) resolves for every one of these pairs -- the G10 branch is a relative curve (base_3m-base_10y)-(quote_3m-quote_10y), and all ten G10 currencies have both 3M and 10Y coverage in this catalog.",False
AUD/USD Spot,AUDUSD_PX_LAST,AUDUSD,Currency,FX Spot,Spot,Simple,Primary Market,G10,Americas,USD,,,BBG,PX_LAST,Price,,,AUDUSD Curncy,,,,,,,"Full C(10,2)=45 G10 cross matrix, market-conventional direction only -- base-currency precedence EUR>GBP>AUD>NZD>USD>CAD>CHF>NOK>SEK>JPY. No reciprocal pairs (e.g. no USDEUR alongside EURUSD): a reciprocal is the inverse of its counterpart and carries mathematically identical information, so including both directions would produce mirror-image signals from one underlying relationship, not two. Driver 2 (yield_curve_or_cds) resolves for every one of these pairs -- the G10 branch is a relative curve (base_3m-base_10y)-(quote_3m-quote_10y), and all ten G10 currencies have both 3M and 10Y coverage in this catalog.",False
AUD/CAD Spot,AUDCAD_PX_LAST,AUDCAD,Currency,FX Spot,Spot,Simple,Primary Market,G10,Americas,CAD,,,BBG,PX_LAST,Price,,,AUDCAD Curncy,,,,,,,"Full C(10,2)=45 G10 cross matrix, market-conventional direction only -- base-currency precedence EUR>GBP>AUD>NZD>USD>CAD>CHF>NOK>SEK>JPY. No reciprocal pairs (e.g. no USDEUR alongside EURUSD): a reciprocal is the inverse of its counterpart and carries mathematically identical information, so including both directions would produce mirror-image signals from one underlying relationship, not two. Driver 2 (yield_curve_or_cds) resolves for every one of these pairs -- the G10 branch is a relative curve (base_3m-base_10y)-(quote_3m-quote_10y), and all ten G10 currencies have both 3M and 10Y coverage in this catalog.",False
AUD/CHF Spot,AUDCHF_PX_LAST,AUDCHF,Currency,FX Spot,Spot,Simple,Primary Market,G10,Europe,CHF,,,BBG,PX_LAST,Price,,,AUDCHF Curncy,,,,,,,"Full C(10,2)=45 G10 cross matrix, market-conventional direction only -- base-currency precedence EUR>GBP>AUD>NZD>USD>CAD>CHF>NOK>SEK>JPY. No reciprocal pairs (e.g. no USDEUR alongside EURUSD): a reciprocal is the inverse of its counterpart and carries mathematically identical information, so including both directions would produce mirror-image signals from one underlying relationship, not two. Driver 2 (yield_curve_or_cds) resolves for every one of these pairs -- the G10 branch is a relative curve (base_3m-base_10y)-(quote_3m-quote_10y), and all ten G10 currencies have both 3M and 10Y coverage in this catalog.",False
AUD/NOK Spot,AUDNOK_PX_LAST,AUDNOK,Currency,FX Spot,Spot,Simple,Primary Market,G10,Europe,NOK,,,BBG,PX_LAST,Price,,,AUDNOK Curncy,,,,,,,"Full C(10,2)=45 G10 cross matrix, market-conventional direction only -- base-currency precedence EUR>GBP>AUD>NZD>USD>CAD>CHF>NOK>SEK>JPY. No reciprocal pairs (e.g. no USDEUR alongside EURUSD): a reciprocal is the inverse of its counterpart and carries mathematically identical information, so including both directions would produce mirror-image signals from one underlying relationship, not two. Driver 2 (yield_curve_or_cds) resolves for every one of these pairs -- the G10 branch is a relative curve (base_3m-base_10y)-(quote_3m-quote_10y), and all ten G10 currencies have both 3M and 10Y coverage in this catalog.",False
AUD/SEK Spot,AUDSEK_PX_LAST,AUDSEK,Currency,FX Spot,Spot,Simple,Primary Market,G10,Europe,SEK,,,BBG,PX_LAST,Price,,,AUDSEK Curncy,,,,,,,"Full C(10,2)=45 G10 cross matrix, market-conventional direction only -- base-currency precedence EUR>GBP>AUD>NZD>USD>CAD>CHF>NOK>SEK>JPY. No reciprocal pairs (e.g. no USDEUR alongside EURUSD): a reciprocal is the inverse of its counterpart and carries mathematically identical information, so including both directions would produce mirror-image signals from one underlying relationship, not two. Driver 2 (yield_curve_or_cds) resolves for every one of these pairs -- the G10 branch is a relative curve (base_3m-base_10y)-(quote_3m-quote_10y), and all ten G10 currencies have both 3M and 10Y coverage in this catalog.",False
AUD/JPY Spot,AUDJPY_PX_LAST,AUDJPY,Currency,FX Spot,Spot,Simple,Primary Market,G10,Asia Pacific,JPY,,,BBG,PX_LAST,Price,,,AUDJPY Curncy,,,,,,,"Full C(10,2)=45 G10 cross matrix, market-conventional direction only -- base-currency precedence EUR>GBP>AUD>NZD>USD>CAD>CHF>NOK>SEK>JPY. No reciprocal pairs (e.g. no USDEUR alongside EURUSD): a reciprocal is the inverse of its counterpart and carries mathematically identical information, so including both directions would produce mirror-image signals from one underlying relationship, not two. Driver 2 (yield_curve_or_cds) resolves for every one of these pairs -- the G10 branch is a relative curve (base_3m-base_10y)-(quote_3m-quote_10y), and all ten G10 currencies have both 3M and 10Y coverage in this catalog.",False
NZD/USD Spot,NZDUSD_PX_LAST,NZDUSD,Currency,FX Spot,Spot,Simple,Primary Market,G10,Americas,USD,,,BBG,PX_LAST,Price,,,NZDUSD Curncy,,,,,,,"Full C(10,2)=45 G10 cross matrix, market-conventional direction only -- base-currency precedence EUR>GBP>AUD>NZD>USD>CAD>CHF>NOK>SEK>JPY. No reciprocal pairs (e.g. no USDEUR alongside EURUSD): a reciprocal is the inverse of its counterpart and carries mathematically identical information, so including both directions would produce mirror-image signals from one underlying relationship, not two. Driver 2 (yield_curve_or_cds) resolves for every one of these pairs -- the G10 branch is a relative curve (base_3m-base_10y)-(quote_3m-quote_10y), and all ten G10 currencies have both 3M and 10Y coverage in this catalog.",False
NZD/CAD Spot,NZDCAD_PX_LAST,NZDCAD,Currency,FX Spot,Spot,Simple,Primary Market,G10,Americas,CAD,,,BBG,PX_LAST,Price,,,NZDCAD Curncy,,,,,,,"Full C(10,2)=45 G10 cross matrix, market-conventional direction only -- base-currency precedence EUR>GBP>AUD>NZD>USD>CAD>CHF>NOK>SEK>JPY. No reciprocal pairs (e.g. no USDEUR alongside EURUSD): a reciprocal is the inverse of its counterpart and carries mathematically identical information, so including both directions would produce mirror-image signals from one underlying relationship, not two. Driver 2 (yield_curve_or_cds) resolves for every one of these pairs -- the G10 branch is a relative curve (base_3m-base_10y)-(quote_3m-quote_10y), and all ten G10 currencies have both 3M and 10Y coverage in this catalog.",False
NZD/CHF Spot,NZDCHF_PX_LAST,NZDCHF,Currency,FX Spot,Spot,Simple,Primary Market,G10,Europe,CHF,,,BBG,PX_LAST,Price,,,NZDCHF Curncy,,,,,,,"Full C(10,2)=45 G10 cross matrix, market-conventional direction only -- base-currency precedence EUR>GBP>AUD>NZD>USD>CAD>CHF>NOK>SEK>JPY. No reciprocal pairs (e.g. no USDEUR alongside EURUSD): a reciprocal is the inverse of its counterpart and carries mathematically identical information, so including both directions would produce mirror-image signals from one underlying relationship, not two. Driver 2 (yield_curve_or_cds) resolves for every one of these pairs -- the G10 branch is a relative curve (base_3m-base_10y)-(quote_3m-quote_10y), and all ten G10 currencies have both 3M and 10Y coverage in this catalog.",False
NZD/NOK Spot,NZDNOK_PX_LAST,NZDNOK,Currency,FX Spot,Spot,Simple,Primary Market,G10,Europe,NOK,,,BBG,PX_LAST,Price,,,NZDNOK Curncy,,,,,,,"Full C(10,2)=45 G10 cross matrix, market-conventional direction only -- base-currency precedence EUR>GBP>AUD>NZD>USD>CAD>CHF>NOK>SEK>JPY. No reciprocal pairs (e.g. no USDEUR alongside EURUSD): a reciprocal is the inverse of its counterpart and carries mathematically identical information, so including both directions would produce mirror-image signals from one underlying relationship, not two. Driver 2 (yield_curve_or_cds) resolves for every one of these pairs -- the G10 branch is a relative curve (base_3m-base_10y)-(quote_3m-quote_10y), and all ten G10 currencies have both 3M and 10Y coverage in this catalog.",False
NZD/SEK Spot,NZDSEK_PX_LAST,NZDSEK,Currency,FX Spot,Spot,Simple,Primary Market,G10,Europe,SEK,,,BBG,PX_LAST,Price,,,NZDSEK Curncy,,,,,,,"Full C(10,2)=45 G10 cross matrix, market-conventional direction only -- base-currency precedence EUR>GBP>AUD>NZD>USD>CAD>CHF>NOK>SEK>JPY. No reciprocal pairs (e.g. no USDEUR alongside EURUSD): a reciprocal is the inverse of its counterpart and carries mathematically identical information, so including both directions would produce mirror-image signals from one underlying relationship, not two. Driver 2 (yield_curve_or_cds) resolves for every one of these pairs -- the G10 branch is a relative curve (base_3m-base_10y)-(quote_3m-quote_10y), and all ten G10 currencies have both 3M and 10Y coverage in this catalog.",False
NZD/JPY Spot,NZDJPY_PX_LAST,NZDJPY,Currency,FX Spot,Spot,Simple,Primary Market,G10,Asia Pacific,JPY,,,BBG,PX_LAST,Price,,,NZDJPY Curncy,,,,,,,"Full C(10,2)=45 G10 cross matrix, market-conventional direction only -- base-currency precedence EUR>GBP>AUD>NZD>USD>CAD>CHF>NOK>SEK>JPY. No reciprocal pairs (e.g. no USDEUR alongside EURUSD): a reciprocal is the inverse of its counterpart and carries mathematically identical information, so including both directions would produce mirror-image signals from one underlying relationship, not two. Driver 2 (yield_curve_or_cds) resolves for every one of these pairs -- the G10 branch is a relative curve (base_3m-base_10y)-(quote_3m-quote_10y), and all ten G10 currencies have both 3M and 10Y coverage in this catalog.",False
USD/CAD Spot,USDCAD_PX_LAST,USDCAD,Currency,FX Spot,Spot,Simple,Primary Market,G10,Americas,CAD,,,BBG,PX_LAST,Price,,,USDCAD Curncy,,,,,,,"Full C(10,2)=45 G10 cross matrix, market-conventional direction only -- base-currency precedence EUR>GBP>AUD>NZD>USD>CAD>CHF>NOK>SEK>JPY. No reciprocal pairs (e.g. no USDEUR alongside EURUSD): a reciprocal is the inverse of its counterpart and carries mathematically identical information, so including both directions would produce mirror-image signals from one underlying relationship, not two. Driver 2 (yield_curve_or_cds) resolves for every one of these pairs -- the G10 branch is a relative curve (base_3m-base_10y)-(quote_3m-quote_10y), and all ten G10 currencies have both 3M and 10Y coverage in this catalog.",False
USD/CHF Spot,USDCHF_PX_LAST,USDCHF,Currency,FX Spot,Spot,Simple,Primary Market,G10,Europe,CHF,,,BBG,PX_LAST,Price,,,USDCHF Curncy,,,,,,,"Full C(10,2)=45 G10 cross matrix, market-conventional direction only -- base-currency precedence EUR>GBP>AUD>NZD>USD>CAD>CHF>NOK>SEK>JPY. No reciprocal pairs (e.g. no USDEUR alongside EURUSD): a reciprocal is the inverse of its counterpart and carries mathematically identical information, so including both directions would produce mirror-image signals from one underlying relationship, not two. Driver 2 (yield_curve_or_cds) resolves for every one of these pairs -- the G10 branch is a relative curve (base_3m-base_10y)-(quote_3m-quote_10y), and all ten G10 currencies have both 3M and 10Y coverage in this catalog.",False
USD/NOK Spot,USDNOK_PX_LAST,USDNOK,Currency,FX Spot,Spot,Simple,Primary Market,G10,Europe,NOK,,,BBG,PX_LAST,Price,,,USDNOK Curncy,,,,,,,"Full C(10,2)=45 G10 cross matrix, market-conventional direction only -- base-currency precedence EUR>GBP>AUD>NZD>USD>CAD>CHF>NOK>SEK>JPY. No reciprocal pairs (e.g. no USDEUR alongside EURUSD): a reciprocal is the inverse of its counterpart and carries mathematically identical information, so including both directions would produce mirror-image signals from one underlying relationship, not two. Driver 2 (yield_curve_or_cds) resolves for every one of these pairs -- the G10 branch is a relative curve (base_3m-base_10y)-(quote_3m-quote_10y), and all ten G10 currencies have both 3M and 10Y coverage in this catalog.",False
USD/SEK Spot,USDSEK_PX_LAST,USDSEK,Currency,FX Spot,Spot,Simple,Primary Market,G10,Europe,SEK,,,BBG,PX_LAST,Price,,,USDSEK Curncy,,,,,,,"Full C(10,2)=45 G10 cross matrix, market-conventional direction only -- base-currency precedence EUR>GBP>AUD>NZD>USD>CAD>CHF>NOK>SEK>JPY. No reciprocal pairs (e.g. no USDEUR alongside EURUSD): a reciprocal is the inverse of its counterpart and carries mathematically identical information, so including both directions would produce mirror-image signals from one underlying relationship, not two. Driver 2 (yield_curve_or_cds) resolves for every one of these pairs -- the G10 branch is a relative curve (base_3m-base_10y)-(quote_3m-quote_10y), and all ten G10 currencies have both 3M and 10Y coverage in this catalog.",False
USD/JPY Spot,USDJPY_PX_LAST,USDJPY,Currency,FX Spot,Spot,Simple,Primary Market,G10,Asia Pacific,JPY,,,BBG,PX_LAST,Price,,,USDJPY Curncy,,,,,,,"Full C(10,2)=45 G10 cross matrix, market-conventional direction only -- base-currency precedence EUR>GBP>AUD>NZD>USD>CAD>CHF>NOK>SEK>JPY. No reciprocal pairs (e.g. no USDEUR alongside EURUSD): a reciprocal is the inverse of its counterpart and carries mathematically identical information, so including both directions would produce mirror-image signals from one underlying relationship, not two. Driver 2 (yield_curve_or_cds) resolves for every one of these pairs -- the G10 branch is a relative curve (base_3m-base_10y)-(quote_3m-quote_10y), and all ten G10 currencies have both 3M and 10Y coverage in this catalog.",False
CAD/CHF Spot,CADCHF_PX_LAST,CADCHF,Currency,FX Spot,Spot,Simple,Primary Market,G10,Europe,CHF,,,BBG,PX_LAST,Price,,,CADCHF Curncy,,,,,,,"Full C(10,2)=45 G10 cross matrix, market-conventional direction only -- base-currency precedence EUR>GBP>AUD>NZD>USD>CAD>CHF>NOK>SEK>JPY. No reciprocal pairs (e.g. no USDEUR alongside EURUSD): a reciprocal is the inverse of its counterpart and carries mathematically identical information, so including both directions would produce mirror-image signals from one underlying relationship, not two. Driver 2 (yield_curve_or_cds) resolves for every one of these pairs -- the G10 branch is a relative curve (base_3m-base_10y)-(quote_3m-quote_10y), and all ten G10 currencies have both 3M and 10Y coverage in this catalog.",False
CAD/NOK Spot,CADNOK_PX_LAST,CADNOK,Currency,FX Spot,Spot,Simple,Primary Market,G10,Europe,NOK,,,BBG,PX_LAST,Price,,,CADNOK Curncy,,,,,,,"Full C(10,2)=45 G10 cross matrix, market-conventional direction only -- base-currency precedence EUR>GBP>AUD>NZD>USD>CAD>CHF>NOK>SEK>JPY. No reciprocal pairs (e.g. no USDEUR alongside EURUSD): a reciprocal is the inverse of its counterpart and carries mathematically identical information, so including both directions would produce mirror-image signals from one underlying relationship, not two. Driver 2 (yield_curve_or_cds) resolves for every one of these pairs -- the G10 branch is a relative curve (base_3m-base_10y)-(quote_3m-quote_10y), and all ten G10 currencies have both 3M and 10Y coverage in this catalog.",False
CAD/SEK Spot,CADSEK_PX_LAST,CADSEK,Currency,FX Spot,Spot,Simple,Primary Market,G10,Europe,SEK,,,BBG,PX_LAST,Price,,,CADSEK Curncy,,,,,,,"Full C(10,2)=45 G10 cross matrix, market-conventional direction only -- base-currency precedence EUR>GBP>AUD>NZD>USD>CAD>CHF>NOK>SEK>JPY. No reciprocal pairs (e.g. no USDEUR alongside EURUSD): a reciprocal is the inverse of its counterpart and carries mathematically identical information, so including both directions would produce mirror-image signals from one underlying relationship, not two. Driver 2 (yield_curve_or_cds) resolves for every one of these pairs -- the G10 branch is a relative curve (base_3m-base_10y)-(quote_3m-quote_10y), and all ten G10 currencies have both 3M and 10Y coverage in this catalog.",False
CAD/JPY Spot,CADJPY_PX_LAST,CADJPY,Currency,FX Spot,Spot,Simple,Primary Market,G10,Asia Pacific,JPY,,,BBG,PX_LAST,Price,,,CADJPY Curncy,,,,,,,"Full C(10,2)=45 G10 cross matrix, market-conventional direction only -- base-currency precedence EUR>GBP>AUD>NZD>USD>CAD>CHF>NOK>SEK>JPY. No reciprocal pairs (e.g. no USDEUR alongside EURUSD): a reciprocal is the inverse of its counterpart and carries mathematically identical information, so including both directions would produce mirror-image signals from one underlying relationship, not two. Driver 2 (yield_curve_or_cds) resolves for every one of these pairs -- the G10 branch is a relative curve (base_3m-base_10y)-(quote_3m-quote_10y), and all ten G10 currencies have both 3M and 10Y coverage in this catalog.",False
CHF/NOK Spot,CHFNOK_PX_LAST,CHFNOK,Currency,FX Spot,Spot,Simple,Primary Market,G10,Europe,NOK,,,BBG,PX_LAST,Price,,,CHFNOK Curncy,,,,,,,"Full C(10,2)=45 G10 cross matrix, market-conventional direction only -- base-currency precedence EUR>GBP>AUD>NZD>USD>CAD>CHF>NOK>SEK>JPY. No reciprocal pairs (e.g. no USDEUR alongside EURUSD): a reciprocal is the inverse of its counterpart and carries mathematically identical information, so including both directions would produce mirror-image signals from one underlying relationship, not two. Driver 2 (yield_curve_or_cds) resolves for every one of these pairs -- the G10 branch is a relative curve (base_3m-base_10y)-(quote_3m-quote_10y), and all ten G10 currencies have both 3M and 10Y coverage in this catalog.",False
CHF/SEK Spot,CHFSEK_PX_LAST,CHFSEK,Currency,FX Spot,Spot,Simple,Primary Market,G10,Europe,SEK,,,BBG,PX_LAST,Price,,,CHFSEK Curncy,,,,,,,"Full C(10,2)=45 G10 cross matrix, market-conventional direction only -- base-currency precedence EUR>GBP>AUD>NZD>USD>CAD>CHF>NOK>SEK>JPY. No reciprocal pairs (e.g. no USDEUR alongside EURUSD): a reciprocal is the inverse of its counterpart and carries mathematically identical information, so including both directions would produce mirror-image signals from one underlying relationship, not two. Driver 2 (yield_curve_or_cds) resolves for every one of these pairs -- the G10 branch is a relative curve (base_3m-base_10y)-(quote_3m-quote_10y), and all ten G10 currencies have both 3M and 10Y coverage in this catalog.",False
CHF/JPY Spot,CHFJPY_PX_LAST,CHFJPY,Currency,FX Spot,Spot,Simple,Primary Market,G10,Asia Pacific,JPY,,,BBG,PX_LAST,Price,,,CHFJPY Curncy,,,,,,,"Full C(10,2)=45 G10 cross matrix, market-conventional direction only -- base-currency precedence EUR>GBP>AUD>NZD>USD>CAD>CHF>NOK>SEK>JPY. No reciprocal pairs (e.g. no USDEUR alongside EURUSD): a reciprocal is the inverse of its counterpart and carries mathematically identical information, so including both directions would produce mirror-image signals from one underlying relationship, not two. Driver 2 (yield_curve_or_cds) resolves for every one of these pairs -- the G10 branch is a relative curve (base_3m-base_10y)-(quote_3m-quote_10y), and all ten G10 currencies have both 3M and 10Y coverage in this catalog.",False
NOK/SEK Spot,NOKSEK_PX_LAST,NOKSEK,Currency,FX Spot,Spot,Simple,Primary Market,G10,Europe,SEK,,,BBG,PX_LAST,Price,,,NOKSEK Curncy,,,,,,,"Full C(10,2)=45 G10 cross matrix, market-conventional direction only -- base-currency precedence EUR>GBP>AUD>NZD>USD>CAD>CHF>NOK>SEK>JPY. No reciprocal pairs (e.g. no USDEUR alongside EURUSD): a reciprocal is the inverse of its counterpart and carries mathematically identical information, so including both directions would produce mirror-image signals from one underlying relationship, not two. Driver 2 (yield_curve_or_cds) resolves for every one of these pairs -- the G10 branch is a relative curve (base_3m-base_10y)-(quote_3m-quote_10y), and all ten G10 currencies have both 3M and 10Y coverage in this catalog.",False
NOK/JPY Spot,NOKJPY_PX_LAST,NOKJPY,Currency,FX Spot,Spot,Simple,Primary Market,G10,Asia Pacific,JPY,,,BBG,PX_LAST,Price,,,NOKJPY Curncy,,,,,,,"Full C(10,2)=45 G10 cross matrix, market-conventional direction only -- base-currency precedence EUR>GBP>AUD>NZD>USD>CAD>CHF>NOK>SEK>JPY. No reciprocal pairs (e.g. no USDEUR alongside EURUSD): a reciprocal is the inverse of its counterpart and carries mathematically identical information, so including both directions would produce mirror-image signals from one underlying relationship, not two. Driver 2 (yield_curve_or_cds) resolves for every one of these pairs -- the G10 branch is a relative curve (base_3m-base_10y)-(quote_3m-quote_10y), and all ten G10 currencies have both 3M and 10Y coverage in this catalog.",False
SEK/JPY Spot,SEKJPY_PX_LAST,SEKJPY,Currency,FX Spot,Spot,Simple,Primary Market,G10,Asia Pacific,JPY,,,BBG,PX_LAST,Price,,,SEKJPY Curncy,,,,,,,"Full C(10,2)=45 G10 cross matrix, market-conventional direction only -- base-currency precedence EUR>GBP>AUD>NZD>USD>CAD>CHF>NOK>SEK>JPY. No reciprocal pairs (e.g. no USDEUR alongside EURUSD): a reciprocal is the inverse of its counterpart and carries mathematically identical information, so including both directions would produce mirror-image signals from one underlying relationship, not two. Driver 2 (yield_curve_or_cds) resolves for every one of these pairs -- the G10 branch is a relative curve (base_3m-base_10y)-(quote_3m-quote_10y), and all ten G10 currencies have both 3M and 10Y coverage in this catalog.",False
USD/BRL Spot,USDBRL_PX_LAST,USDBRL,Currency,FX Spot,Spot,Simple,Primary Market,EM,Americas,BRL,,,BBG,PX_LAST,Price,,,USDBRL Curncy,,,,,,,EM and CHN pairs are USD-quoted by construction. EM driver 2 is the non-USD leg's 5Y sovereign CDS as a single-country level; a cross with two non-USD legs has no defined driver-2 treatment under the published spec.,False
USD/CLP Spot,USDCLP_PX_LAST,USDCLP,Currency,FX Spot,Spot,Simple,Primary Market,EM,Americas,CLP,,,BBG,PX_LAST,Price,,,USDCLP Curncy,,,,,,,EM and CHN pairs are USD-quoted by construction. EM driver 2 is the non-USD leg's 5Y sovereign CDS as a single-country level; a cross with two non-USD legs has no defined driver-2 treatment under the published spec.,False
USD/COP Spot,USDCOP_PX_LAST,USDCOP,Currency,FX Spot,Spot,Simple,Primary Market,EM,Americas,COP,,,BBG,PX_LAST,Price,,,USDCOP Curncy,,,,,,,EM and CHN pairs are USD-quoted by construction. EM driver 2 is the non-USD leg's 5Y sovereign CDS as a single-country level; a cross with two non-USD legs has no defined driver-2 treatment under the published spec.,False
USD/CZK Spot,USDCZK_PX_LAST,USDCZK,Currency,FX Spot,Spot,Simple,Primary Market,EM,Europe,CZK,,,BBG,PX_LAST,Price,,,USDCZK Curncy,,,,,,,EM and CHN pairs are USD-quoted by construction. EM driver 2 is the non-USD leg's 5Y sovereign CDS as a single-country level; a cross with two non-USD legs has no defined driver-2 treatment under the published spec.,False
USD/HUF Spot,USDHUF_PX_LAST,USDHUF,Currency,FX Spot,Spot,Simple,Primary Market,EM,Europe,HUF,,,BBG,PX_LAST,Price,,,USDHUF Curncy,,,,,,,EM and CHN pairs are USD-quoted by construction. EM driver 2 is the non-USD leg's 5Y sovereign CDS as a single-country level; a cross with two non-USD legs has no defined driver-2 treatment under the published spec.,False
USD/IDR Spot,USDIDR_PX_LAST,USDIDR,Currency,FX Spot,Spot,Simple,Primary Market,EM,Asia Pacific,IDR,,,BBG,PX_LAST,Price,,,USDIDR Curncy,,,,,,,EM and CHN pairs are USD-quoted by construction. EM driver 2 is the non-USD leg's 5Y sovereign CDS as a single-country level; a cross with two non-USD legs has no defined driver-2 treatment under the published spec.,False
USD/ILS Spot,USDILS_PX_LAST,USDILS,Currency,FX Spot,Spot,Simple,Primary Market,EM,Middle East,ILS,,,BBG,PX_LAST,Price,,,USDILS Curncy,,,,,,,EM and CHN pairs are USD-quoted by construction. EM driver 2 is the non-USD leg's 5Y sovereign CDS as a single-country level; a cross with two non-USD legs has no defined driver-2 treatment under the published spec.,False
USD/INR Spot,USDINR_PX_LAST,USDINR,Currency,FX Spot,Spot,Simple,Primary Market,EM,Asia Pacific,INR,,,BBG,PX_LAST,Price,,,USDINR Curncy,,,,,,,EM and CHN pairs are USD-quoted by construction. EM driver 2 is the non-USD leg's 5Y sovereign CDS as a single-country level; a cross with two non-USD legs has no defined driver-2 treatment under the published spec.,False
USD/KRW Spot,USDKRW_PX_LAST,USDKRW,Currency,FX Spot,Spot,Simple,Primary Market,EM,Asia Pacific,KRW,,,BBG,PX_LAST,Price,,,USDKRW Curncy,,,,,,,EM and CHN pairs are USD-quoted by construction. EM driver 2 is the non-USD leg's 5Y sovereign CDS as a single-country level; a cross with two non-USD legs has no defined driver-2 treatment under the published spec.,False
USD/MXN Spot,USDMXN_PX_LAST,USDMXN,Currency,FX Spot,Spot,Simple,Primary Market,EM,Americas,MXN,,,BBG,PX_LAST,Price,,,USDMXN Curncy,,,,,,,EM and CHN pairs are USD-quoted by construction. EM driver 2 is the non-USD leg's 5Y sovereign CDS as a single-country level; a cross with two non-USD legs has no defined driver-2 treatment under the published spec.,False
USD/MYR Spot,USDMYR_PX_LAST,USDMYR,Currency,FX Spot,Spot,Simple,Primary Market,EM,Asia Pacific,MYR,,,BBG,PX_LAST,Price,,,USDMYR Curncy,,,,,,,EM and CHN pairs are USD-quoted by construction. EM driver 2 is the non-USD leg's 5Y sovereign CDS as a single-country level; a cross with two non-USD legs has no defined driver-2 treatment under the published spec.,False
USD/PEN Spot,USDPEN_PX_LAST,USDPEN,Currency,FX Spot,Spot,Simple,Primary Market,EM,Americas,PEN,,,BBG,PX_LAST,Price,,,USDPEN Curncy,,,,,,,EM and CHN pairs are USD-quoted by construction. EM driver 2 is the non-USD leg's 5Y sovereign CDS as a single-country level; a cross with two non-USD legs has no defined driver-2 treatment under the published spec.,False
USD/PHP Spot,USDPHP_PX_LAST,USDPHP,Currency,FX Spot,Spot,Simple,Primary Market,EM,Asia Pacific,PHP,,,BBG,PX_LAST,Price,,,USDPHP Curncy,,,,,,,EM and CHN pairs are USD-quoted by construction. EM driver 2 is the non-USD leg's 5Y sovereign CDS as a single-country level; a cross with two non-USD legs has no defined driver-2 treatment under the published spec.,False
USD/PLN Spot,USDPLN_PX_LAST,USDPLN,Currency,FX Spot,Spot,Simple,Primary Market,EM,Europe,PLN,,,BBG,PX_LAST,Price,,,USDPLN Curncy,,,,,,,EM and CHN pairs are USD-quoted by construction. EM driver 2 is the non-USD leg's 5Y sovereign CDS as a single-country level; a cross with two non-USD legs has no defined driver-2 treatment under the published spec.,False
USD/RON Spot,USDRON_PX_LAST,USDRON,Currency,FX Spot,Spot,Simple,Primary Market,EM,Europe,RON,,,BBG,PX_LAST,Price,,,USDRON Curncy,,,,,,,EM and CHN pairs are USD-quoted by construction. EM driver 2 is the non-USD leg's 5Y sovereign CDS as a single-country level; a cross with two non-USD legs has no defined driver-2 treatment under the published spec.,False
USD/RUB Spot,USDRUB_PX_LAST,USDRUB,Currency,FX Spot,Spot,Simple,Primary Market,EM,Europe,RUB,,,BBG,PX_LAST,Price,,,USDRUB Curncy,,,,,,,EM and CHN pairs are USD-quoted by construction. EM driver 2 is the non-USD leg's 5Y sovereign CDS as a single-country level; a cross with two non-USD legs has no defined driver-2 treatment under the published spec.,False
USD/SGD Spot,USDSGD_PX_LAST,USDSGD,Currency,FX Spot,Spot,Simple,Primary Market,EM,Asia Pacific,SGD,,,BBG,PX_LAST,Price,,,USDSGD Curncy,,,,,,,EM and CHN pairs are USD-quoted by construction. EM driver 2 is the non-USD leg's 5Y sovereign CDS as a single-country level; a cross with two non-USD legs has no defined driver-2 treatment under the published spec.,False
USD/THB Spot,USDTHB_PX_LAST,USDTHB,Currency,FX Spot,Spot,Simple,Primary Market,EM,Asia Pacific,THB,,,BBG,PX_LAST,Price,,,USDTHB Curncy,,,,,,,EM and CHN pairs are USD-quoted by construction. EM driver 2 is the non-USD leg's 5Y sovereign CDS as a single-country level; a cross with two non-USD legs has no defined driver-2 treatment under the published spec.,False
USD/TRY Spot,USDTRY_PX_LAST,USDTRY,Currency,FX Spot,Spot,Simple,Primary Market,EM,Europe,TRY,,,BBG,PX_LAST,Price,,,USDTRY Curncy,,,,,,,EM and CHN pairs are USD-quoted by construction. EM driver 2 is the non-USD leg's 5Y sovereign CDS as a single-country level; a cross with two non-USD legs has no defined driver-2 treatment under the published spec.,False
USD/TWD Spot,USDTWD_PX_LAST,USDTWD,Currency,FX Spot,Spot,Simple,Primary Market,EM,Asia Pacific,TWD,,,BBG,PX_LAST,Price,,,USDTWD Curncy,,,,,,,EM and CHN pairs are USD-quoted by construction. EM driver 2 is the non-USD leg's 5Y sovereign CDS as a single-country level; a cross with two non-USD legs has no defined driver-2 treatment under the published spec.,False
USD/ZAR Spot,USDZAR_PX_LAST,USDZAR,Currency,FX Spot,Spot,Simple,Primary Market,EM,Africa,ZAR,,,BBG,PX_LAST,Price,,,USDZAR Curncy,,,,,,,EM and CHN pairs are USD-quoted by construction. EM driver 2 is the non-USD leg's 5Y sovereign CDS as a single-country level; a cross with two non-USD legs has no defined driver-2 treatment under the published spec.,False
USD/CNH Spot,USDCNH_PX_LAST,USDCNH,Currency,FX Spot,Spot,Simple,Primary Market,CHN,Asia Pacific,CNH,,,BBG,PX_LAST,Price,,,USDCNH Curncy,,,,,,,EM and CHN pairs are USD-quoted by construction. EM driver 2 is the non-USD leg's 5Y sovereign CDS as a single-country level; a cross with two non-USD legs has no defined driver-2 treatment under the published spec.,False
